public	adapter_requests	Anyone can request an adapter	INSERT	{anon,authenticated}	d41d8cd98f00b204e9800998ecf8427e	b326b5062b2f0e69046810717534cb09
public	agent_invitation_tokens	Owners read own invitation tokens	SELECT	{authenticated}	01f51f0846ad728411df7afcfae01e11	d41d8cd98f00b204e9800998ecf8427e
public	agent_members	Agent reads own row	SELECT	{authenticated}	a52facaf16c3b27b70d2bda3c1812360	d41d8cd98f00b204e9800998ecf8427e
public	agent_members	Owners read own agent_members	SELECT	{authenticated}	01f51f0846ad728411df7afcfae01e11	d41d8cd98f00b204e9800998ecf8427e
public	agent_members	Owners update own active agent_members	UPDATE	{authenticated}	92ee2b9078a5f1f128704a45b9042351	92ee2b9078a5f1f128704a45b9042351
public	apps	Anyone can read app public metadata	SELECT	{anon,authenticated}	b326b5062b2f0e69046810717534cb09	d41d8cd98f00b204e9800998ecf8427e
public	audit_entries	Users read own audit entries	SELECT	{authenticated}	38fcae42aadfacec5653414342ba6112	d41d8cd98f00b204e9800998ecf8427e
public	audit_events	Customers read own audit events	SELECT	{authenticated}	3524221f4c117cdc55aacc0cc685db54	d41d8cd98f00b204e9800998ecf8427e
public	beta_approved_users	beta_self_read	SELECT	{authenticated}	237bb10fb65440362af79402685b3e52	d41d8cd98f00b204e9800998ecf8427e
public	channel_state	Owners can insert their channel state	INSERT	{authenticated}	d41d8cd98f00b204e9800998ecf8427e	19300d155780585259ede73ac370586c
public	channel_state	Owners can read their channel state	SELECT	{authenticated}	19300d155780585259ede73ac370586c	d41d8cd98f00b204e9800998ecf8427e
public	channel_state	Owners can update their channel state	UPDATE	{authenticated}	19300d155780585259ede73ac370586c	19300d155780585259ede73ac370586c
public	commodity_prices	public_read_commodity_prices	SELECT	{anon,authenticated}	cceee9382257f8ac179a767a251e2d68	d41d8cd98f00b204e9800998ecf8427e
public	connections	Direct users can delete connections via their subaccount	DELETE	{authenticated}	c612392f2e41b13e785c800676ed7b48	d41d8cd98f00b204e9800998ecf8427e
public	connections	Direct users can insert connections via their subaccount	INSERT	{authenticated}	d41d8cd98f00b204e9800998ecf8427e	c612392f2e41b13e785c800676ed7b48
public	connections	Direct users can read connections via their subaccount	SELECT	{authenticated}	c612392f2e41b13e785c800676ed7b48	d41d8cd98f00b204e9800998ecf8427e
public	connections	Direct users can update connections via their subaccount	UPDATE	{authenticated}	c612392f2e41b13e785c800676ed7b48	d41d8cd98f00b204e9800998ecf8427e
public	customer_recovery_shares	Customers insert own recovery share	INSERT	{authenticated}	d41d8cd98f00b204e9800998ecf8427e	cc5647e7f2f068547b3ab12692728a82
public	customer_recovery_shares	Staff read recovery shares	SELECT	{authenticated}	a826f96421f219c86191dcefa966dda3	d41d8cd98f00b204e9800998ecf8427e
public	customer_recovery_shares	Staff update recovery shares	UPDATE	{authenticated}	a826f96421f219c86191dcefa966dda3	d41d8cd98f00b204e9800998ecf8427e
public	customer_vault_meta	Customers read own vault meta	SELECT	{authenticated}	3524221f4c117cdc55aacc0cc685db54	d41d8cd98f00b204e9800998ecf8427e
public	customer_vault_meta	Customers update own vault meta	UPDATE	{authenticated}	cc5647e7f2f068547b3ab12692728a82	d41d8cd98f00b204e9800998ecf8427e
public	customer_vault_meta	Customers upsert own vault meta	INSERT	{authenticated}	d41d8cd98f00b204e9800998ecf8427e	cc5647e7f2f068547b3ab12692728a82
public	customers	Customers read own row	SELECT	{authenticated}	9fc7fa9c9f97a66f2bb51d11f1e4a031	d41d8cd98f00b204e9800998ecf8427e
public	customers	Staff update customers	UPDATE	{authenticated}	a826f96421f219c86191dcefa966dda3	d41d8cd98f00b204e9800998ecf8427e
public	data_keys	data_keys_owner_select	SELECT	{authenticated}	01f51f0846ad728411df7afcfae01e11	d41d8cd98f00b204e9800998ecf8427e
public	encrypted_transactions	Direct users can delete transactions via their subaccount	DELETE	{authenticated}	7db97b20d0ba361d129b8ea7eae9755d	d41d8cd98f00b204e9800998ecf8427e
public	encrypted_transactions	Direct users can insert transactions via their subaccount	INSERT	{authenticated}	d41d8cd98f00b204e9800998ecf8427e	7db97b20d0ba361d129b8ea7eae9755d
public	encrypted_transactions	Direct users can read transactions via their subaccount	SELECT	{authenticated}	7db97b20d0ba361d129b8ea7eae9755d	d41d8cd98f00b204e9800998ecf8427e
public	encrypted_transactions	Direct users can update transactions via their subaccount	UPDATE	{authenticated}	7db97b20d0ba361d129b8ea7eae9755d	7db97b20d0ba361d129b8ea7eae9755d
public	exchange_rate_providers	Public read access to provider registry	SELECT	{anon,authenticated}	b326b5062b2f0e69046810717534cb09	d41d8cd98f00b204e9800998ecf8427e
public	exchange_rate_resolutions	Public read access to audit log	SELECT	{anon,authenticated}	b326b5062b2f0e69046810717534cb09	d41d8cd98f00b204e9800998ecf8427e
public	exchange_rates	Public read access to confirmed rates	SELECT	{anon,authenticated}	b78d48cc8861f702e96fd81e73dcfcce	d41d8cd98f00b204e9800998ecf8427e
public	historical_money_prices	public_read_historical_money_prices	SELECT	{anon,authenticated}	b326b5062b2f0e69046810717534cb09	d41d8cd98f00b204e9800998ecf8427e
public	historical_money_prices_resolutions	public_read_historical_money_prices_resolutions	SELECT	{anon,authenticated}	b326b5062b2f0e69046810717534cb09	d41d8cd98f00b204e9800998ecf8427e
public	inflation_rates	public_read_inflation_rates	SELECT	{anon,authenticated}	b8de41c80aedf2e77d58d1dd6555ab4e	d41d8cd98f00b204e9800998ecf8427e
public	inflation_resolutions	public_read_inflation_resolutions	SELECT	{anon,authenticated}	b326b5062b2f0e69046810717534cb09	d41d8cd98f00b204e9800998ecf8427e
public	invoices	Customers read own invoices	SELECT	{authenticated}	3524221f4c117cdc55aacc0cc685db54	d41d8cd98f00b204e9800998ecf8427e
public	monetary_aggregates	public_read_monetary_aggregates	SELECT	{anon,authenticated}	cceee9382257f8ac179a767a251e2d68	d41d8cd98f00b204e9800998ecf8427e
public	payments	Customers read own payments	SELECT	{authenticated}	3524221f4c117cdc55aacc0cc685db54	d41d8cd98f00b204e9800998ecf8427e
public	platforms	Platforms are visible to authenticated users (metadata only)	SELECT	{authenticated}	b326b5062b2f0e69046810717534cb09	d41d8cd98f00b204e9800998ecf8427e
public	precious_metals_rates	public_read_metals_rates	SELECT	{anon,authenticated}	b78d48cc8861f702e96fd81e73dcfcce	d41d8cd98f00b204e9800998ecf8427e
public	precious_metals_resolutions	public_read_metals_resolutions	SELECT	{anon,authenticated}	b326b5062b2f0e69046810717534cb09	d41d8cd98f00b204e9800998ecf8427e
public	quiltt_institutions_cache	quiltt_institutions_cache_public_read	SELECT	{public}	b326b5062b2f0e69046810717534cb09	d41d8cd98f00b204e9800998ecf8427e
public	source_wallets	Direct users can delete source_wallets via their subaccount	DELETE	{authenticated}	7db97b20d0ba361d129b8ea7eae9755d	d41d8cd98f00b204e9800998ecf8427e
public	source_wallets	Direct users can insert source_wallets via their subaccount	INSERT	{authenticated}	d41d8cd98f00b204e9800998ecf8427e	7db97b20d0ba361d129b8ea7eae9755d
public	source_wallets	Direct users can read source_wallets via their subaccount	SELECT	{authenticated}	7db97b20d0ba361d129b8ea7eae9755d	d41d8cd98f00b204e9800998ecf8427e
public	source_wallets	Direct users can update source_wallets via their subaccount	UPDATE	{authenticated}	7db97b20d0ba361d129b8ea7eae9755d	d41d8cd98f00b204e9800998ecf8427e
public	staff_users	Staff read staff_users	SELECT	{authenticated}	8a30881afbcacd754d0577f49979525e	d41d8cd98f00b204e9800998ecf8427e
public	stealth_connections	Owners can read their stealth connections	SELECT	{authenticated}	56432150e324804bab7b2994ce3e7d1e	d41d8cd98f00b204e9800998ecf8427e
public	stealth_scan_ranges	Owners can read their stealth scan ranges	SELECT	{authenticated}	5c7f4607232447c2f0fd7e328acb394e	d41d8cd98f00b204e9800998ecf8427e
public	stealth_transactions	Owners can read their stealth transactions	SELECT	{authenticated}	666e185359b5e4f1862c01e22b0583f7	d41d8cd98f00b204e9800998ecf8427e
public	subaccounts	Direct users can read their own subaccount	SELECT	{authenticated}	feaf32b5096104566091cf1e013da31e	d41d8cd98f00b204e9800998ecf8427e
public	subscriptions	Customers read own subscriptions	SELECT	{authenticated}	3524221f4c117cdc55aacc0cc685db54	d41d8cd98f00b204e9800998ecf8427e
public	tech_productivity_curves	public_read_tech_productivity_curves	SELECT	{anon,authenticated}	b326b5062b2f0e69046810717534cb09	d41d8cd98f00b204e9800998ecf8427e
public	user_app_grants	Users can insert own grants	INSERT	{authenticated}	d41d8cd98f00b204e9800998ecf8427e	3a807491e0a912fbfbee0ffa087b82f6
public	user_app_grants	Users can read own grants	SELECT	{authenticated}	3a807491e0a912fbfbee0ffa087b82f6	d41d8cd98f00b204e9800998ecf8427e
public	user_app_grants	Users can update own grants	UPDATE	{authenticated}	3a807491e0a912fbfbee0ffa087b82f6	d41d8cd98f00b204e9800998ecf8427e
public	user_vault_meta	Users can insert own vault metadata	INSERT	{authenticated}	d41d8cd98f00b204e9800998ecf8427e	3a807491e0a912fbfbee0ffa087b82f6
public	user_vault_meta	Users can read own vault metadata	SELECT	{authenticated}	3a807491e0a912fbfbee0ffa087b82f6	d41d8cd98f00b204e9800998ecf8427e
public	user_vault_meta	Users can update own vault metadata	UPDATE	{authenticated}	3a807491e0a912fbfbee0ffa087b82f6	d41d8cd98f00b204e9800998ecf8427e
public	user_vault_meta	co-admins can read owner vault meta	SELECT	{authenticated}	cc48084dd5f6d4b234d6d5cb6bf3934b	d41d8cd98f00b204e9800998ecf8427e
public	vault_security_events	Users can insert their own vault security events	INSERT	{authenticated}	d41d8cd98f00b204e9800998ecf8427e	19300d155780585259ede73ac370586c
public	vault_security_events	Users can read their own vault security events	SELECT	{authenticated}	19300d155780585259ede73ac370586c	d41d8cd98f00b204e9800998ecf8427e
public	wages	public_read_wages	SELECT	{anon,authenticated}	e6da3cc9a7e62dcc8c0f6cce3e27d4c2	d41d8cd98f00b204e9800998ecf8427e
public	waitlist	Anyone can join waitlist	INSERT	{anon,authenticated}	d41d8cd98f00b204e9800998ecf8427e	b326b5062b2f0e69046810717534cb09
public	webhook_delivery	webhook_delivery service role only	ALL	{service_role}	b326b5062b2f0e69046810717534cb09	b326b5062b2f0e69046810717534cb09
public	workspace_admins	workspace_admins: owner and admin can read their rows	SELECT	{authenticated}	00ffd6253c24e08edf2f35cb30ab3212	d41d8cd98f00b204e9800998ecf8427e
public	workspace_admins	workspace_admins: owner can delete	DELETE	{public}	01f51f0846ad728411df7afcfae01e11	d41d8cd98f00b204e9800998ecf8427e
public	workspace_admins	workspace_admins: owner can insert	INSERT	{public}	d41d8cd98f00b204e9800998ecf8427e	01f51f0846ad728411df7afcfae01e11
public	wrapped_data_keys	Recipients can read their own wrapped data keys	SELECT	{authenticated}	b642f2dc16ef9d6d7df9f6a29fb52334	d41d8cd98f00b204e9800998ecf8427e
public	wrapped_data_keys	wrapped_data_keys: owner can delete their wrapped keys	DELETE	{public}	b06603c2653b9633376049652720d905	d41d8cd98f00b204e9800998ecf8427e
public	wrapped_data_keys	wrapped_data_keys: owner can insert for admins	INSERT	{public}	d41d8cd98f00b204e9800998ecf8427e	b06603c2653b9633376049652720d905
